산업분류코드,
,
코드,코드명
A01110,곡물 및 기타 식량작물 재배업
A01121,"채소, 화훼작물 및 종묘 재배업"
A01122,"채소, 화훼작물 및 종묘 재배업"
A01123,"채소, 화훼작물 및 종묘 재배업"
A01131,"과실, 음료용 및 향신용 작물 재배업"
A01132,"과실, 음료용 및 향신용 작물 재배업"
A01140,기타 작물 재배업
A01151,시설작물 재배업
A01152,시설작물 재배업
A01159,시설작물 재배업
A01211,소 사육업
A01212,소 사육업
A01220,양돈업
A01231,가금류 및 조류 사육업
A01239,가금류 및 조류 사육업
A01291,기타 축산업
A01299,기타 축산업
A01299,기타 축산업
A01300,작물재배 및 축산 복합농업
A01411,작물재배 관련 서비스업
A01412,작물재배 관련 서비스업
A01420,축산 관련 서비스업
A01500,수렵 및 관련 서비스업
A02011,영림업
A02012,영림업
A02020,벌목업
A02030,임산물 채취업
A02040,임업 관련 서비스업
A03111,해수면 어업
A03111,해수면 어업
A03112,해수면 어업
A03112,해수면 어업
A03120,내수면 어업
A03120,내수면 어업
A03211,양식 어업
A03212,양식 어업
A03213,양식 어업
A03220,어업 관련 서비스업
B05100,석탄 광업
B05100,석탄 광업
B05200,원유 및 천연가스 채굴업
B06100,철 광업
B06100,철 광업
B06200,비철금속 광업
B06200,비철금속 광업
B06200,비철금속 광업
B06200,비철금속 광업
B07110,석회석 및 점토 광업
B07110,석회석 및 점토 광업
B07121,"석재, 쇄석 및 모래, 자갈 채취업"
B07121,"석재, 쇄석 및 모래, 자갈 채취업"
B07121,"석재, 쇄석 및 모래, 자갈 채취업"
B07122,"석재, 쇄석 및 모래, 자갈 채취업"
B07122,"석재, 쇄석 및 모래, 자갈 채취업"
B07122,"석재, 쇄석 및 모래, 자갈 채취업"
B07210,화학용 및 비료 원료용 광물 광업
B07210,화학용 및 비료 원료용 광물 광업
B07210,화학용 및 비료 원료용 광물 광업
B07220,천일염 생산 및 암염 채취업
B07290,그 외 기타 비금속광물 광업
B07290,그 외 기타 비금속광물 광업
B07290,그 외 기타 비금속광물 광업
B07290,그 외 기타 비금속광물 광업
B08000,광업 지원 서비스업
C10111,도축업
C10111,도축업
C10112,도축업
C10112,도축업
C10121,육류 가공 및 저장 처리업
C10121,육류 가공 및 저장 처리업
C10122,육류 가공 및 저장 처리업
C10122,육류 가공 및 저장 처리업
C10129,육류 가공 및 저장 처리업
C10211,수산동물 가공 및 저장 처리업
C10212,수산동물 가공 및 저장 처리업
C10212,수산동물 가공 및 저장 처리업
C10213,수산동물 가공 및 저장 처리업
C10213,수산동물 가공 및 저장 처리업
C10219,수산동물 가공 및 저장 처리업
C10220,수산식물 가공 및 저장 처리업
C10220,수산식물 가공 및 저장 처리업
C10301,"과실, 채소 가공 및 저장 처리업"
C10302,"과실, 채소 가공 및 저장 처리업"
C10309,"과실, 채소 가공 및 저장 처리업"
C10309,"과실, 채소 가공 및 저장 처리업"
C10309,"과실, 채소 가공 및 저장 처리업"
C10401,동물성 및 식물성 유지 제조업
C10401,동물성 및 식물성 유지 제조업
C10402,동물성 및 식물성 유지 제조업
C10402,동물성 및 식물성 유지 제조업
C10403,동물성 및 식물성 유지 제조업
C10501,낙농제품 및 식용 빙과류 제조업
C10501,낙농제품 및 식용 빙과류 제조업
C10502,낙농제품 및 식용 빙과류 제조업
C10611,곡물 가공품 제조업
C10611,곡물 가공품 제조업
C10612,곡물 가공품 제조업
C10612,곡물 가공품 제조업
C10612,곡물 가공품 제조업
C10613,곡물 가공품 제조업
C10619,곡물 가공품 제조업
C10619,곡물 가공품 제조업
C10620,전분제품 및 당류 제조업
C10620,전분제품 및 당류 제조업
C10711,"떡, 빵 및 과자류 제조업"
C10712,"떡, 빵 및 과자류 제조업"
C10713,"떡, 빵 및 과자류 제조업"
C10720,설탕 제조업
C10730,"면류, 마카로니 및 유사 식품 제조업"
C10741,조미료 및 식품 첨가물 제조업
C10742,조미료 및 식품 첨가물 제조업
C10743,조미료 및 식품 첨가물 제조업
C10749,조미료 및 식품 첨가물 제조업
C10751,도시락 및 식사용 조리식품 제조업
C10759,도시락 및 식사용 조리식품 제조업
C10791,기타 식료품 제조업
C10792,기타 식료품 제조업
C10793,기타 식료품 제조업
C10794,기타 식료품 제조업
C10795,기타 식료품 제조업
C10796,기타 식료품 제조업
C10796,기타 식료품 제조업
C10797,기타 식료품 제조업
C10799,기타 식료품 제조업
C10801,동물용 사료 및 조제식품 제조업
C10802,동물용 사료 및 조제식품 제조업
C10802,동물용 사료 및 조제식품 제조업
C11111,발효주 제조업
C11111,발효주 제조업
C11112,발효주 제조업
C11119,발효주 제조업
C11121,증류주 및 합성주 제조업
C11122,증류주 및 합성주 제조업
C11129,증류주 및 합성주 제조업
C11201,비알코올 음료 및 얼음 제조업
C11202,비알코올 음료 및 얼음 제조업
C11209,비알코올 음료 및 얼음 제조업
C11209,비알코올 음료 및 얼음 제조업
C12000,담배 제조업
C13101,방적 및 가공사 제조업
C13102,방적 및 가공사 제조업
C13103,방적 및 가공사 제조업
C13103,방적 및 가공사 제조업
C13103,방적 및 가공사 제조업
C13103,방적 및 가공사 제조업
C13104,방적 및 가공사 제조업
C13104,방적 및 가공사 제조업
C13109,방적 및 가공사 제조업
C13109,방적 및 가공사 제조업
C13211,직물 직조업
C13212,직물 직조업
C13213,직물 직조업
C13219,직물 직조업
C13219,직물 직조업
C13221,직물제품 제조업
C13222,직물제품 제조업
C13222,직물제품 제조업
C13223,직물제품 제조업
C13224,직물제품 제조업
C13225,직물제품 제조업
C13229,직물제품 제조업
C13229,직물제품 제조업
C13300,편조 원단 제조업
C13300,편조 원단 제조업
C13401,"섬유제품 염색, 정리 및 마무리 가공업"
C13401,"섬유제품 염색, 정리 및 마무리 가공업"
C13402,"섬유제품 염색, 정리 및 마무리 가공업"
C13402,"섬유제품 염색, 정리 및 마무리 가공업"
C13403,"섬유제품 염색, 정리 및 마무리 가공업"
C13403,"섬유제품 염색, 정리 및 마무리 가공업"
C13409,"섬유제품 염색, 정리 및 마무리 가공업"
C13409,"섬유제품 염색, 정리 및 마무리 가공업"
C13910,"카펫, 마루덮개 및 유사 제품 제조업"
C13921,"끈, 로프, 망 및 끈 가공품 제조업"
C13922,"끈, 로프, 망 및 끈 가공품 제조업"
C13991,그 외 기타 섬유제품 제조업
C13992,그 외 기타 섬유제품 제조업
C13993,그 외 기타 섬유제품 제조업
C13994,그 외 기타 섬유제품 제조업
C13999,그 외 기타 섬유제품 제조업
C13999,그 외 기타 섬유제품 제조업
C14111,겉옷 제조업
C14111,겉옷 제조업
C14112,겉옷 제조업
C14112,겉옷 제조업
C14120,속옷 및 잠옷 제조업
C14130,한복 제조업
C14130,한복 제조업
C14191,기타 봉제의복 제조업
C14192,기타 봉제의복 제조업
C14192,기타 봉제의복 제조업
C14193,기타 봉제의복 제조업
C14194,기타 봉제의복 제조업
C14199,기타 봉제의복 제조업
C14200,모피제품 제조업
C14300,편조의복 제조업
C14411,편조 의복 액세서리 제조업
C14419,편조 의복 액세서리 제조업
C14419,편조 의복 액세서리 제조업
C14491,기타 의복 액세서리 제조업
C14499,기타 의복 액세서리 제조업
C15110,모피 및 가죽 제조업
C15121,"핸드백, 가방 및 기타 보호용 케이스 제조업"
C15129,"핸드백, 가방 및 기타 보호용 케이스 제조업"
C15190,기타 가죽제품 제조업
C15211,신발 제조업
C15219,신발 제조업
C15220,신발 부분품 제조업
C16101,제재 및 목재 가공업
C16102,제재 및 목재 가공업
C16103,제재 및 목재 가공업
C16211,"박판, 합판 및 강화 목제품 제조업"
C16212,"박판, 합판 및 강화 목제품 제조업"
C16221,건축용 나무제품 제조업
C16229,건축용 나무제품 제조업
C16231,"목재 상자, 드럼 및 적재판 제조업"
C16232,"목재 상자, 드럼 및 적재판 제조업"
C16291,기타 나무제품 제조업
C16292,기타 나무제품 제조업
C16292,기타 나무제품 제조업
C16299,기타 나무제품 제조업
C16300,코르크 및 조물 제품 제조업
C16300,코르크 및 조물 제품 제조업
C16300,코르크 및 조물 제품 제조업
C17110,펄프 제조업
C17121,종이 및 판지 제조업
C17122,종이 및 판지 제조업
C17123,종이 및 판지 제조업
C17124,종이 및 판지 제조업
C17125,종이 및 판지 제조업
C17129,종이 및 판지 제조업
C17129,종이 및 판지 제조업
C17211,골판지 및 골판지 가공제품 제조업
C17212,골판지 및 골판지 가공제품 제조업
C17221,"종이 포대, 판지 상자 및 종이 용기 제조업"
C17222,"종이 포대, 판지 상자 및 종이 용기 제조업"
C17223,"종이 포대, 판지 상자 및 종이 용기 제조업"
C17229,"종이 포대, 판지 상자 및 종이 용기 제조업"
C17901,기타 종이 및 판지 제품 제조업
C17902,기타 종이 및 판지 제품 제조업
C17903,기타 종이 및 판지 제품 제조업
C17909,기타 종이 및 판지 제품 제조업
C17909,기타 종이 및 판지 제품 제조업
C18111,인쇄업
C18111,인쇄업
C18112,인쇄업
C18113,인쇄업
C18119,인쇄업
C18121,인쇄관련 산업
C18122,인쇄관련 산업
C18129,인쇄관련 산업
C18200,기록매체 복제업
C19101,코크스 및 연탄 제조업
C19102,코크스 및 연탄 제조업
C19210,원유 정제처리업
C19221,석유 정제물 재처리업
C19229,석유 정제물 재처리업
C20111,기초 유기화학 물질 제조업
C20112,기초 유기화학 물질 제조업
C20119,기초 유기화학 물질 제조업
C20121,기초 무기화학 물질 제조업
C20129,기초 무기화학 물질 제조업
C20129,기초 무기화학 물질 제조업
C20129,기초 무기화학 물질 제조업
C20131,"무기 안료, 염료, 유연제 및 기타 착색제 제조업"
C20132,"무기 안료, 염료, 유연제 및 기타 착색제 제조업"
C20201,합성고무 및 플라스틱 물질 제조업
C20202,합성고무 및 플라스틱 물질 제조업
C20203,합성고무 및 플라스틱 물질 제조업
C20311,비료 및 질소 화합물 제조업
C20312,비료 및 질소 화합물 제조업
C20313,비료 및 질소 화합물 제조업
C20321,살균ㆍ살충제 및 농약 제조업
C20321,살균ㆍ살충제 및 농약 제조업
C20322,살균ㆍ살충제 및 농약 제조업
C20322,살균ㆍ살충제 및 농약 제조업
C20411,"잉크, 페인트, 코팅제 및 유사제품 제조업"
C20411,"잉크, 페인트, 코팅제 및 유사제품 제조업"
C20412,"잉크, 페인트, 코팅제 및 유사제품 제조업"
C20413,"잉크, 페인트, 코팅제 및 유사제품 제조업"
C20413,"잉크, 페인트, 코팅제 및 유사제품 제조업"
C20421,"세제, 화장품 및 광택제 제조업"
C20422,"세제, 화장품 및 광택제 제조업"
C20422,"세제, 화장품 및 광택제 제조업"
C20423,"세제, 화장품 및 광택제 제조업"
C20424,"세제, 화장품 및 광택제 제조업"
C20424,"세제, 화장품 및 광택제 제조업"
C20491,그 외 기타 화학제품 제조업
C20492,그 외 기타 화학제품 제조업
C20493,그 외 기타 화학제품 제조업
C20494,그 외 기타 화학제품 제조업
C20494,그 외 기타 화학제품 제조업
C20495,그 외 기타 화학제품 제조업
C20499,그 외 기타 화학제품 제조업
C20499,그 외 기타 화학제품 제조업
C20501,화학섬유 제조업
C20502,화학섬유 제조업
C21101,기초 의약 물질 및 생물학적 제제 제조업
C21102,기초 의약 물질 및 생물학적 제제 제조업
C21210,완제 의약품 제조업
C21220,한의약품 제조업
C21230,동물용 의약품 제조업
C21300,의료용품 및 기타 의약 관련제품 제조업
C22111,고무 타이어 및 튜브 생산업
C22112,고무 타이어 및 튜브 생산업
C22191,기타 고무제품 제조업
C22192,기타 고무제품 제조업
C22193,기타 고무제품 제조업
C22199,기타 고무제품 제조업
C22211,1차 플라스틱제품 제조업
C22212,1차 플라스틱제품 제조업
C22212,1차 플라스틱제품 제조업
C22213,1차 플라스틱제품 제조업
C22214,1차 플라스틱제품 제조업
C22221,건축용 플라스틱제품 제조업
C22222,건축용 플라스틱제품 제조업
C22223,건축용 플라스틱제품 제조업
C22229,건축용 플라스틱제품 제조업
C22231,포장용 플라스틱제품 제조업
C22232,포장용 플라스틱제품 제조업
C22241,기계장비 조립용 플라스틱제품 제조업
C22249,기계장비 조립용 플라스틱제품 제조업
C22251,플라스틱 발포 성형제품 제조업
C22259,플라스틱 발포 성형제품 제조업
C22291,기타 플라스틱 제품 제조업
C22292,기타 플라스틱 제품 제조업
C22299,기타 플라스틱 제품 제조업
C22299,기타 플라스틱 제품 제조업
C23111,판유리 및 판유리 가공품 제조업
C23112,판유리 및 판유리 가공품 제조업
C23119,판유리 및 판유리 가공품 제조업
C23121,산업용 유리 제조업
C23122,산업용 유리 제조업
C23129,산업용 유리 제조업
C23191,기타 유리제품 제조업
C23192,기타 유리제품 제조업
C23199,기타 유리제품 제조업
C23211,내화 요업제품 제조업
C23212,내화 요업제품 제조업
C23221,비내화 일반 도자기 제조업
C23222,비내화 일반 도자기 제조업
C23229,비내화 일반 도자기 제조업
C23231,건축용 비내화 요업제품 제조업
C23232,건축용 비내화 요업제품 제조업
C23239,건축용 비내화 요업제품 제조업
C23311,"시멘트, 석회 및 플라스터 제조업"
C23312,"시멘트, 석회 및 플라스터 제조업"
C23312,"시멘트, 석회 및 플라스터 제조업"
C23321,"콘크리트, 레미콘 및 기타 시멘트, 플라스터 제품 제조업"
C23322,"콘크리트, 레미콘 및 기타 시멘트, 플라스터 제품 제조업"
C23323,"콘크리트, 레미콘 및 기타 시멘트, 플라스터 제품 제조업"
C23324,"콘크리트, 레미콘 및 기타 시멘트, 플라스터 제품 제조업"
C23324,"콘크리트, 레미콘 및 기타 시멘트, 플라스터 제품 제조업"
C23325,"콘크리트, 레미콘 및 기타 시멘트, 플라스터 제품 제조업"
C23325,"콘크리트, 레미콘 및 기타 시멘트, 플라스터 제품 제조업"
C23329,"콘크리트, 레미콘 및 기타 시멘트, 플라스터 제품 제조업"
C23329,"콘크리트, 레미콘 및 기타 시멘트, 플라스터 제품 제조업"
C23911,석제품 제조업
C23919,석제품 제조업
C23991,그 외 기타 비금속 광물제품 제조업
C23992,그 외 기타 비금속 광물제품 제조업
C23992,그 외 기타 비금속 광물제품 제조업
C23993,그 외 기타 비금속 광물제품 제조업
C23994,그 외 기타 비금속 광물제품 제조업
C23995,그 외 기타 비금속 광물제품 제조업
C23999,그 외 기타 비금속 광물제품 제조업
C23999,그 외 기타 비금속 광물제품 제조업
C24111,"제철, 제강 및 합금철 제조업"
C24112,"제철, 제강 및 합금철 제조업"
C24113,"제철, 제강 및 합금철 제조업"
C24119,"제철, 제강 및 합금철 제조업"
C24121,"철강 압연, 압출 및 연신제품 제조업"
C24122,"철강 압연, 압출 및 연신제품 제조업"
C24123,"철강 압연, 압출 및 연신제품 제조업"
C24131,철강관 제조업
C24132,철강관 제조업
C24133,철강관 제조업
C24191,기타 1차 철강 제조업
C24199,기타 1차 철강 제조업
C24199,기타 1차 철강 제조업
C24211,"비철금속 제련, 정련 및 합금 제조업"
C24211,"비철금속 제련, 정련 및 합금 제조업"
C24212,"비철금속 제련, 정련 및 합금 제조업"
C24212,"비철금속 제련, 정련 및 합금 제조업"
C24213,"비철금속 제련, 정련 및 합금 제조업"
C24213,"비철금속 제련, 정련 및 합금 제조업"
C24219,"비철금속 제련, 정련 및 합금 제조업"
C24219,"비철금속 제련, 정련 및 합금 제조업"
C24221,"비철금속 압연, 압출 및 연신제품 제조업"
C24222,"비철금속 압연, 압출 및 연신제품 제조업"
C24229,"비철금속 압연, 압출 및 연신제품 제조업"
C24290,기타 1차 비철금속 제조업
C24311,철강 주조업
C24312,철강 주조업
C24321,비철금속 주조업
C24322,비철금속 주조업
C24329,비철금속 주조업
C25111,구조용 금속제품 제조업
C25112,구조용 금속제품 제조업
C25113,구조용 금속제품 제조업
C25114,구조용 금속제품 제조업
C25119,구조용 금속제품 제조업
C25121,"산업용 난방 보일러, 금속탱크 및 유사 용기 제조업"
C25121,"산업용 난방 보일러, 금속탱크 및 유사 용기 제조업"
C25122,"산업용 난방 보일러, 금속탱크 및 유사 용기 제조업"
C25123,"산업용 난방 보일러, 금속탱크 및 유사 용기 제조업"
C25130,핵반응기 및 증기보일러 제조업
C25200,무기 및 총포탄 제조업
C25911,"금속 단조, 압형 및 분말 야금제품 제조업"
C25912,"금속 단조, 압형 및 분말 야금제품 제조업"
C25913,"금속 단조, 압형 및 분말 야금제품 제조업"
C25914,"금속 단조, 압형 및 분말 야금제품 제조업"
C25921,"금속 열처리, 도금 및 기타 금속 가공업"
C25922,"금속 열처리, 도금 및 기타 금속 가공업"
C25923,"금속 열처리, 도금 및 기타 금속 가공업"
C25924,"금속 열처리, 도금 및 기타 금속 가공업"
C25924,"금속 열처리, 도금 및 기타 금속 가공업"
C25929,"금속 열처리, 도금 및 기타 금속 가공업"
C25929,"금속 열처리, 도금 및 기타 금속 가공업"
C25929,"금속 열처리, 도금 및 기타 금속 가공업"
C25931,"날붙이, 수공구 및 일반 철물 제조업"
C25932,"날붙이, 수공구 및 일반 철물 제조업"
C25932,"날붙이, 수공구 및 일반 철물 제조업"
C25933,"날붙이, 수공구 및 일반 철물 제조업"
C25933,"날붙이, 수공구 및 일반 철물 제조업"
C25934,"날붙이, 수공구 및 일반 철물 제조업"
C25941,"금속 파스너, 스프링 및 금속선 가공제품 제조업"
C25942,"금속 파스너, 스프링 및 금속선 가공제품 제조업"
C25943,"금속 파스너, 스프링 및 금속선 가공제품 제조업"
C25944,"금속 파스너, 스프링 및 금속선 가공제품 제조업"
C25991,그 외 기타 금속 가공제품 제조업
C25992,그 외 기타 금속 가공제품 제조업
C25993,그 외 기타 금속 가공제품 제조업
C25994,그 외 기타 금속 가공제품 제조업
C25995,그 외 기타 금속 가공제품 제조업
C25999,그 외 기타 금속 가공제품 제조업
C25999,그 외 기타 금속 가공제품 제조업
C25999,그 외 기타 금속 가공제품 제조업
C26111,전자집적회로 제조업
C26112,전자집적회로 제조업
C26121,"다이오드, 트랜지스터 및 유사 반도체 소자 제조업"
C26129,"다이오드, 트랜지스터 및 유사 반도체 소자 제조업"
C26211,표시장치 제조업
C26212,표시장치 제조업
C26219,표시장치 제조업
C26221,인쇄회로기판 및 전자부품 실장기판 제조업
C26222,인쇄회로기판 및 전자부품 실장기판 제조업
C26223,인쇄회로기판 및 전자부품 실장기판 제조업
C26224,인쇄회로기판 및 전자부품 실장기판 제조업
C26291,기타 전자 부품 제조업
C26292,기타 전자 부품 제조업
C26293,기타 전자 부품 제조업
C26294,기타 전자 부품 제조업
C26295,기타 전자 부품 제조업
C26299,기타 전자 부품 제조업
C26310,컴퓨터 제조업
C26321,기억 장치 및 주변 기기 제조업
C26322,기억 장치 및 주변 기기 제조업
C26323,기억 장치 및 주변 기기 제조업
C26329,기억 장치 및 주변 기기 제조업
C26410,유선 통신장비 제조업
C26421,방송 및 무선 통신장비 제조업
C26422,방송 및 무선 통신장비 제조업
C26429,방송 및 무선 통신장비 제조업
C26511,"텔레비전, 비디오 및 기타 영상 기기 제조업"
C26519,"텔레비전, 비디오 및 기타 영상 기기 제조업"
C26521,"오디오, 스피커 및 기타 음향 기기 제조업"
C26529,"오디오, 스피커 및 기타 음향 기기 제조업"
C26600,마그네틱 및 광학 매체 제조업
C27111,방사선 장치 및 전기식 진단 기기 제조업
C27112,방사선 장치 및 전기식 진단 기기 제조업
C27191,기타 의료용 기기 제조업
C27192,기타 의료용 기기 제조업
C27192,기타 의료용 기기 제조업
C27193,기타 의료용 기기 제조업
C27193,기타 의료용 기기 제조업
C27194,기타 의료용 기기 제조업
C27199,기타 의료용 기기 제조업
C27211,"측정, 시험, 항해, 제어 및 기타 정밀 기기 제조업"
C27212,"측정, 시험, 항해, 제어 및 기타 정밀 기기 제조업"
C27213,"측정, 시험, 항해, 제어 및 기타 정밀 기기 제조업"
C27214,"측정, 시험, 항해, 제어 및 기타 정밀 기기 제조업"
C27215,"측정, 시험, 항해, 제어 및 기타 정밀 기기 제조업"
C27216,"측정, 시험, 항해, 제어 및 기타 정밀 기기 제조업"
C27219,"측정, 시험, 항해, 제어 및 기타 정밀 기기 제조업"
C27301,사진장비 및 광학기기 제조업
C27302,사진장비 및 광학기기 제조업
C27309,사진장비 및 광학기기 제조업
C27400,시계 및 시계 부품 제조업
C28111,"전동기, 발전기 및 전기 변환장치 제조업"
C28112,"전동기, 발전기 및 전기 변환장치 제조업"
C28113,"전동기, 발전기 및 전기 변환장치 제조업"
C28114,"전동기, 발전기 및 전기 변환장치 제조업"
C28119,"전동기, 발전기 및 전기 변환장치 제조업"
C28121,전기 공급 및 제어장치 제조업
C28122,전기 공급 및 제어장치 제조업
C28123,전기 공급 및 제어장치 제조업
C28201,일차전지 및 축전지 제조업
C28202,일차전지 및 축전지 제조업
C28301,절연선 및 케이블 제조업
C28302,절연선 및 케이블 제조업
C28303,절연선 및 케이블 제조업
C28410,전구 및 램프 제조업
C28421,조명장치 제조업
C28422,조명장치 제조업
C28423,조명장치 제조업
C28429,조명장치 제조업
C28511,가정용 전기 기기 제조업
C28512,가정용 전기 기기 제조업
C28519,가정용 전기 기기 제조업
C28520,가정용 비전기식 조리 및 난방 기구 제조업
C28901,기타 전기장비 제조업
C28902,기타 전기장비 제조업
C28903,기타 전기장비 제조업
C28909,기타 전기장비 제조업
C29111,내연기관 및 터빈 제조업; 항공기용 및 차량용 제외
C29119,내연기관 및 터빈 제조업; 항공기용 및 차량용 제외
C29120,유압 기기 제조업
C29131,"펌프 및 압축기 제조업; 탭, 밸브 및 유사 장치 제조 포함"
C29132,"펌프 및 압축기 제조업; 탭, 밸브 및 유사 장치 제조 포함"
C29133,"펌프 및 압축기 제조업; 탭, 밸브 및 유사 장치 제조 포함"
C29141,"베어링, 기어 및 동력 전달장치 제조업"
C29142,"베어링, 기어 및 동력 전달장치 제조업"
C29150,"산업용 오븐, 노 및 노용 버너 제조업"
C29161,"산업용 트럭, 승강기 및 물품 취급장비 제조업"
C29162,"산업용 트럭, 승강기 및 물품 취급장비 제조업"
C29163,"산업용 트럭, 승강기 및 물품 취급장비 제조업"
C29169,"산업용 트럭, 승강기 및 물품 취급장비 제조업"
C29171,"냉각, 공기 조화, 여과, 증류 및 가스 발생기 제조업"
C29172,"냉각, 공기 조화, 여과, 증류 및 가스 발생기 제조업"
C29173,"냉각, 공기 조화, 여과, 증류 및 가스 발생기 제조업"
C29174,"냉각, 공기 조화, 여과, 증류 및 가스 발생기 제조업"
C29175,"냉각, 공기 조화, 여과, 증류 및 가스 발생기 제조업"
C29176,"냉각, 공기 조화, 여과, 증류 및 가스 발생기 제조업"
C29180,사무용 기계 및 장비 제조업
C29180,사무용 기계 및 장비 제조업
C29191,기타 일반 목적용 기계 제조업
C29192,기타 일반 목적용 기계 제조업
C29193,기타 일반 목적용 기계 제조업
C29194,기타 일반 목적용 기계 제조업
C29199,기타 일반 목적용 기계 제조업
C29210,농업 및 임업용 기계 제조업
C29221,가공 공작기계 제조업
C29222,가공 공작기계 제조업
C29223,가공 공작기계 제조업
C29224,가공 공작기계 제조업
C29229,가공 공작기계 제조업
C29230,금속 주조 및 기타 야금용 기계 제조업
C29241,건설 및 광업용 기계장비 제조업
C29242,건설 및 광업용 기계장비 제조업
C29250,음ㆍ식료품 및 담배 가공기계 제조업
C29261,"섬유, 의복 및 가죽 가공기계 제조업"
C29269,"섬유, 의복 및 가죽 가공기계 제조업"
C29271,반도체 및 디스플레이 제조용 기계 제조업
C29272,반도체 및 디스플레이 제조용 기계 제조업
C29280,산업용 로봇 제조업
C29291,기타 특수 목적용 기계 제조업
C29292,기타 특수 목적용 기계 제조업
C29293,기타 특수 목적용 기계 제조업
C29294,기타 특수 목적용 기계 제조업
C29299,기타 특수 목적용 기계 제조업
C30110,자동차용 엔진 제조업
C30121,자동차 제조업
C30122,자동차 제조업
C30201,자동차 차체 및 트레일러 제조업
C30202,자동차 차체 및 트레일러 제조업
C30203,자동차 차체 및 트레일러 제조업
C30310,자동차 엔진용 신품 부품 제조업
C30320,자동차 차체용 신품 부품 제조업
C30331,자동차용 신품 동력 전달장치 및 전기장치 제조업
C30332,자동차용 신품 동력 전달장치 및 전기장치 제조업
C30391,자동차용 기타 신품 부품 제조업
C30392,자동차용 기타 신품 부품 제조업
C30393,자동차용 기타 신품 부품 제조업
C30399,자동차용 기타 신품 부품 제조업
C30399,자동차용 기타 신품 부품 제조업
C30400,자동차 재제조 부품 제조업
C31111,선박 및 수상 부유 구조물 건조업
C31112,선박 및 수상 부유 구조물 건조업
C31113,선박 및 수상 부유 구조물 건조업
C31113,선박 및 수상 부유 구조물 건조업
C31113,선박 및 수상 부유 구조물 건조업
C31114,선박 및 수상 부유 구조물 건조업
C31120,오락 및 스포츠용 보트 건조업
C31201,철도장비 제조업
C31202,철도장비 제조업
C31311,"항공기, 우주선 및 보조장치 제조업"
C31312,"항공기, 우주선 및 보조장치 제조업"
C31321,항공기용 엔진 및 부품 제조업
C31322,항공기용 엔진 및 부품 제조업
C31910,전투용 차량 제조업
C31920,모터사이클 제조업
C31991,그 외 기타 분류 안된 운송장비 제조업
C31999,그 외 기타 분류 안된 운송장비 제조업
C32011,침대 및 내장 가구 제조업
C32019,침대 및 내장 가구 제조업
C32021,목재 가구 제조업
C32029,목재 가구 제조업
C32091,기타 가구 제조업
C32099,기타 가구 제조업
C33110,귀금속 및 관련제품 제조업
C33120,모조 귀금속 및 모조 장신용품 제조업
C33201,악기 제조업
C33202,악기 제조업
C33209,악기 제조업
C33301,운동 및 경기용구 제조업
C33302,운동 및 경기용구 제조업
C33303,운동 및 경기용구 제조업
C33309,운동 및 경기용구 제조업
C33401,"인형, 장난감 및 오락용품 제조업"
C33401,"인형, 장난감 및 오락용품 제조업"
C33402,"인형, 장난감 및 오락용품 제조업"
C33409,"인형, 장난감 및 오락용품 제조업"
C33409,"인형, 장난감 및 오락용품 제조업"
C33910,간판 및 광고물 제조업
C33920,사무 및 회화용품 제조업
C33931,"가발, 장식용품 및 전시용 모형 제조업"
C33932,"가발, 장식용품 및 전시용 모형 제조업"
C33933,"가발, 장식용품 및 전시용 모형 제조업"
C33991,그 외 기타 분류 안된 제품 제조업
C33992,그 외 기타 분류 안된 제품 제조업
C33993,그 외 기타 분류 안된 제품 제조업
C33999,그 외 기타 분류 안된 제품 제조업
C33999,그 외 기타 분류 안된 제품 제조업
C33999,그 외 기타 분류 안된 제품 제조업
C34011,일반 기계류 수리업
C34019,일반 기계류 수리업
C34020,전기ㆍ전자 및 정밀 기기 수리업
D35111,발전업
D35112,발전업
D35113,발전업
D35114,발전업
D35119,발전업
D35120,송전 및 배전업
D35130,전기 판매업
D35200,연료용 가스 제조 및 배관공급업
D35300,"증기, 냉ㆍ온수 및 공기 조절 공급업"
E36010,생활용수 공급업
E36020,산업용수 공급업
E37011,하수 및 폐수 처리업
E37011,하수 및 폐수 처리업
E37012,하수 및 폐수 처리업
E37021,분뇨 처리업
E37022,분뇨 처리업
E38110,"지정 외 폐기물 수집, 운반업"
E38120,"지정 폐기물 수집, 운반업"
E38130,"건설 폐기물 수집, 운반업"
E38210,지정 외 폐기물 처리업
E38220,지정 폐기물 처리업
E38230,건설 폐기물 처리업
E38240,"방사성 폐기물 수집, 운반 및 처리업"
E38311,"금속류 해체, 선별 및 원료 재생업"
E38311,"금속류 해체, 선별 및 원료 재생업"
E38311,"금속류 해체, 선별 및 원료 재생업"
E38312,"금속류 해체, 선별 및 원료 재생업"
E38321,"비금속류 해체, 선별 및 원료 재생업"
E38322,"비금속류 해체, 선별 및 원료 재생업"
E39001,환경 정화 및 복원업
E39009,환경 정화 및 복원업
F41111,주거용 건물 건설업
F41111,주거용 건물 건설업
F41112,주거용 건물 건설업
F41112,주거용 건물 건설업
F41119,주거용 건물 건설업
F41119,주거용 건물 건설업
F41121,비주거용 건물 건설업
F41122,비주거용 건물 건설업
F41129,비주거용 건물 건설업
F41210,지반조성 건설업
F41221,토목 시설물 건설업
F41222,토목 시설물 건설업
F41223,토목 시설물 건설업
F41224,토목 시설물 건설업
F41225,토목 시설물 건설업
F41226,토목 시설물 건설업
F41229,토목 시설물 건설업
F42110,건물 및 구축물 해체 공사업
F42121,기반조성 관련 전문공사업
F42122,기반조성 관련 전문공사업
F42122,기반조성 관련 전문공사업
F42123,기반조성 관련 전문공사업
F42129,기반조성 관련 전문공사업
F42131,시설물 축조 관련 전문공사업
F42132,시설물 축조 관련 전문공사업
F42133,시설물 축조 관련 전문공사업
F42134,시설물 축조 관련 전문공사업
F42135,시설물 축조 관련 전문공사업
F42136,시설물 축조 관련 전문공사업
F42137,시설물 축조 관련 전문공사업
F42138,시설물 축조 관련 전문공사업
F42139,시설물 축조 관련 전문공사업
F42201,건물설비 설치 공사업
F42201,건물설비 설치 공사업
F42202,건물설비 설치 공사업
F42203,건물설비 설치 공사업
F42204,건물설비 설치 공사업
F42209,건물설비 설치 공사업
F42311,전기 공사업
F42312,전기 공사업
F42321,통신 공사업
F42322,통신 공사업
F42411,"도장, 도배 및 내장 공사업"
F42412,"도장, 도배 및 내장 공사업"
F42412,"도장, 도배 및 내장 공사업"
F42412,"도장, 도배 및 내장 공사업"
F42420,유리 및 창호 공사업
F42491,기타 건축 마무리 공사업
F42492,기타 건축 마무리 공사업
F42499,기타 건축 마무리 공사업
F42500,시설물 유지관리 공사업
F42600,건설장비 운영업
G45110,자동차 신품 판매업
G45110,자동차 신품 판매업
G45110,자동차 신품 판매업
G45110,자동차 신품 판매업
G45110,자동차 신품 판매업
G45120,중고 자동차 판매업
G45120,중고 자동차 판매업
G45120,중고 자동차 판매업
G45120,중고 자동차 판매업
G45211,자동차 신품 부품 및 내장품 판매업
G45211,자동차 신품 부품 및 내장품 판매업
G45212,자동차 신품 부품 및 내장품 판매업
G45212,자동차 신품 부품 및 내장품 판매업
G45213,자동차 신품 부품 및 내장품 판매업
G45213,자동차 신품 부품 및 내장품 판매업
G45219,자동차 신품 부품 및 내장품 판매업
G45219,자동차 신품 부품 및 내장품 판매업
G45219,자동차 신품 부품 및 내장품 판매업
G45220,자동차 중고 부품 및 내장품 판매업
G45220,자동차 중고 부품 및 내장품 판매업
G45301,모터사이클 및 부품 판매업
G45302,모터사이클 및 부품 판매업
G46101,상품 중개업
G46101,상품 중개업
G46101,상품 중개업
G46102,상품 중개업
G46102,상품 중개업
G46102,상품 중개업
G46102,상품 중개업
G46102,상품 중개업
G46102,상품 중개업
G46102,상품 중개업
G46103,상품 중개업
G46103,상품 중개업
G46103,상품 중개업
G46103,상품 중개업
G46103,상품 중개업
G46103,상품 중개업
G46104,상품 중개업
G46104,상품 중개업
G46104,상품 중개업
G46104,상품 중개업
G46104,상품 중개업
G46104,상품 중개업
G46105,상품 중개업
G46105,상품 중개업
G46105,상품 중개업
G46105,상품 중개업
G46105,상품 중개업
G46105,상품 중개업
G46106,상품 중개업
G46106,상품 중개업
G46106,상품 중개업
G46106,상품 중개업
G46106,상품 중개업
G46106,상품 중개업
G46107,상품 중개업
G46107,상품 중개업
G46107,상품 중개업
G46109,상품 중개업
G46109,상품 중개업
G46109,상품 중개업
G46109,상품 중개업
G46109,상품 중개업
G46201,산업용 농ㆍ축산물 및 동ㆍ식물 도매업
G46201,산업용 농ㆍ축산물 및 동ㆍ식물 도매업
G46201,산업용 농ㆍ축산물 및 동ㆍ식물 도매업
G46202,산업용 농ㆍ축산물 및 동ㆍ식물 도매업
G46202,산업용 농ㆍ축산물 및 동ㆍ식물 도매업
G46203,산업용 농ㆍ축산물 및 동ㆍ식물 도매업
G46204,산업용 농ㆍ축산물 및 동ㆍ식물 도매업
G46204,산업용 농ㆍ축산물 및 동ㆍ식물 도매업
G46204,산업용 농ㆍ축산물 및 동ㆍ식물 도매업
G46205,산업용 농ㆍ축산물 및 동ㆍ식물 도매업
G46205,산업용 농ㆍ축산물 및 동ㆍ식물 도매업
G46209,산업용 농ㆍ축산물 및 동ㆍ식물 도매업
G46209,산업용 농ㆍ축산물 및 동ㆍ식물 도매업
G46209,산업용 농ㆍ축산물 및 동ㆍ식물 도매업
G46311,신선 식품 및 단순 가공 식품 도매업
G46311,신선 식품 및 단순 가공 식품 도매업
G46312,신선 식품 및 단순 가공 식품 도매업
G46312,신선 식품 및 단순 가공 식품 도매업
G46313,신선 식품 및 단순 가공 식품 도매업
G46313,신선 식품 및 단순 가공 식품 도매업
G46314,신선 식품 및 단순 가공 식품 도매업
G46314,신선 식품 및 단순 가공 식품 도매업
G46315,신선 식품 및 단순 가공 식품 도매업
G46315,신선 식품 및 단순 가공 식품 도매업
G46315,신선 식품 및 단순 가공 식품 도매업
G46315,신선 식품 및 단순 가공 식품 도매업
G46319,신선 식품 및 단순 가공 식품 도매업
G46321,가공식품 도매업
G46322,가공식품 도매업
G46323,가공식품 도매업
G46323,가공식품 도매업
G46323,가공식품 도매업
G46323,가공식품 도매업
G46324,가공식품 도매업
G46324,가공식품 도매업
G46324,가공식품 도매업
G46324,가공식품 도매업
G46324,가공식품 도매업
G46324,가공식품 도매업
G46325,가공식품 도매업
G46326,가공식품 도매업
G46329,가공식품 도매업
G46329,가공식품 도매업
G46329,가공식품 도매업
G46329,가공식품 도매업
G46329,가공식품 도매업
G46329,가공식품 도매업
G46329,가공식품 도매업
G46329,가공식품 도매업
G46331,음료 및 담배 도매업
G46331,음료 및 담배 도매업
G46332,음료 및 담배 도매업
G46333,음료 및 담배 도매업
G46411,"생활용 섬유제품, 의복, 의복 액세서리 및 모피제품 도매업"
G46412,"생활용 섬유제품, 의복, 의복 액세서리 및 모피제품 도매업"
G46412,"생활용 섬유제품, 의복, 의복 액세서리 및 모피제품 도매업"
G46413,"생활용 섬유제품, 의복, 의복 액세서리 및 모피제품 도매업"
G46413,"생활용 섬유제품, 의복, 의복 액세서리 및 모피제품 도매업"
G46414,"생활용 섬유제품, 의복, 의복 액세서리 및 모피제품 도매업"
G46415,"생활용 섬유제품, 의복, 의복 액세서리 및 모피제품 도매업"
G46416,"생활용 섬유제품, 의복, 의복 액세서리 및 모피제품 도매업"
G46417,"생활용 섬유제품, 의복, 의복 액세서리 및 모피제품 도매업"
G46417,"생활용 섬유제품, 의복, 의복 액세서리 및 모피제품 도매업"
G46417,"생활용 섬유제품, 의복, 의복 액세서리 및 모피제품 도매업"
G46419,"생활용 섬유제품, 의복, 의복 액세서리 및 모피제품 도매업"
G46419,"생활용 섬유제품, 의복, 의복 액세서리 및 모피제품 도매업"
G46420,신발 도매업
G46431,"생활용 가구, 조명기구 및 비전기식 생활용기기 도매업"
G46431,"생활용 가구, 조명기구 및 비전기식 생활용기기 도매업"
G46432,"생활용 가구, 조명기구 및 비전기식 생활용기기 도매업"
G46433,"생활용 가구, 조명기구 및 비전기식 생활용기기 도매업"
G46433,"생활용 가구, 조명기구 및 비전기식 생활용기기 도매업"
G46433,"생활용 가구, 조명기구 및 비전기식 생활용기기 도매업"
G46433,"생활용 가구, 조명기구 및 비전기식 생활용기기 도매업"
G46439,"생활용 가구, 조명기구 및 비전기식 생활용기기 도매업"
G46441,"의약품, 의료용품 및 화장품 도매업"
G46441,"의약품, 의료용품 및 화장품 도매업"
G46442,"의약품, 의료용품 및 화장품 도매업"
G46443,"의약품, 의료용품 및 화장품 도매업"
G46444,"의약품, 의료용품 및 화장품 도매업"
G46451,"생활용 포장ㆍ위생용품, 문구용품 및 출판 인쇄물 도매업"
G46452,"생활용 포장ㆍ위생용품, 문구용품 및 출판 인쇄물 도매업"
G46453,"생활용 포장ㆍ위생용품, 문구용품 및 출판 인쇄물 도매업"
G46461,"음반 및 비디오물, 악기, 오락 및 경기용품 도매업"
G46462,"음반 및 비디오물, 악기, 오락 및 경기용품 도매업"
G46463,"음반 및 비디오물, 악기, 오락 및 경기용품 도매업"
G46463,"음반 및 비디오물, 악기, 오락 및 경기용품 도매업"
G46463,"음반 및 비디오물, 악기, 오락 및 경기용품 도매업"
G46464,"음반 및 비디오물, 악기, 오락 및 경기용품 도매업"
G46464,"음반 및 비디오물, 악기, 오락 및 경기용품 도매업"
G46465,"음반 및 비디오물, 악기, 오락 및 경기용품 도매업"
G46465,"음반 및 비디오물, 악기, 오락 및 경기용품 도매업"
G46465,"음반 및 비디오물, 악기, 오락 및 경기용품 도매업"
G46491,"가방, 시계, 안경 및 기타 생활용품 도매업"
G46492,"가방, 시계, 안경 및 기타 생활용품 도매업"
G46492,"가방, 시계, 안경 및 기타 생활용품 도매업"
G46492,"가방, 시계, 안경 및 기타 생활용품 도매업"
G46493,"가방, 시계, 안경 및 기타 생활용품 도매업"
G46493,"가방, 시계, 안경 및 기타 생활용품 도매업"
G46493,"가방, 시계, 안경 및 기타 생활용품 도매업"
G46499,"가방, 시계, 안경 및 기타 생활용품 도매업"
G46510,"컴퓨터 및 주변장치, 소프트웨어 도매업"
G46521,"가전제품, 통신장비 및 부품 도매업"
G46521,"가전제품, 통신장비 및 부품 도매업"
G46522,"가전제품, 통신장비 및 부품 도매업"
G46531,산업용 기계 및 장비 도매업
G46532,산업용 기계 및 장비 도매업
G46533,산업용 기계 및 장비 도매업
G46539,산업용 기계 및 장비 도매업
G46591,기타 기계 및 장비 도매업
G46592,기타 기계 및 장비 도매업
G46593,기타 기계 및 장비 도매업
G46594,기타 기계 및 장비 도매업
G46595,기타 기계 및 장비 도매업
G46596,기타 기계 및 장비 도매업
G46599,기타 기계 및 장비 도매업
G46599,기타 기계 및 장비 도매업
G46599,기타 기계 및 장비 도매업
G46611,일반 건축자재 도매업
G46612,일반 건축자재 도매업
G46612,일반 건축자재 도매업
G46612,일반 건축자재 도매업
G46613,일반 건축자재 도매업
G46621,"냉ㆍ난방장치 및 철물, 수공구 도매업"
G46622,"냉ㆍ난방장치 및 철물, 수공구 도매업"
G46691,기타 건축자재 도매업
G46692,기타 건축자재 도매업
G46699,기타 건축자재 도매업
G46699,기타 건축자재 도매업
G46699,기타 건축자재 도매업
G46711,"연료, 연료용 광물 및 관련제품 도매업"
G46711,"연료, 연료용 광물 및 관련제품 도매업"
G46712,"연료, 연료용 광물 및 관련제품 도매업"
G46713,"연료, 연료용 광물 및 관련제품 도매업"
G46721,1차 금속제품 및 금속광물 도매업
G46721,1차 금속제품 및 금속광물 도매업
G46721,1차 금속제품 및 금속광물 도매업
G46721,1차 금속제품 및 금속광물 도매업
G46721,1차 금속제품 및 금속광물 도매업
G46721,1차 금속제품 및 금속광물 도매업
G46721,1차 금속제품 및 금속광물 도매업
G46722,1차 금속제품 및 금속광물 도매업
G46731,화학 물질 및 화학제품 도매업
G46732,화학 물질 및 화학제품 도매업
G46732,화학 물질 및 화학제품 도매업
G46733,화학 물질 및 화학제품 도매업
G46733,화학 물질 및 화학제품 도매업
G46739,화학 물질 및 화학제품 도매업
G46739,화학 물질 및 화학제품 도매업
G46739,화학 물질 및 화학제품 도매업
G46741,"방직용 섬유, 실 및 직물 도매업"
G46742,"방직용 섬유, 실 및 직물 도매업"
G46750,"종이 원지, 판지, 종이상자 도매업"
G46791,재생용 재료 및 기타 상품 전문 도매업
G46791,재생용 재료 및 기타 상품 전문 도매업
G46799,재생용 재료 및 기타 상품 전문 도매업
G46799,재생용 재료 및 기타 상품 전문 도매업
G46799,재생용 재료 및 기타 상품 전문 도매업
G46799,재생용 재료 및 기타 상품 전문 도매업
G46799,재생용 재료 및 기타 상품 전문 도매업
G46800,상품 종합 도매업
G46800,상품 종합 도매업
G46800,상품 종합 도매업
G46800,상품 종합 도매업
G47111,대형 종합 소매업
G47112,대형 종합 소매업
G47119,대형 종합 소매업
G47121,음ㆍ식료품 위주 종합 소매업
G47122,음ㆍ식료품 위주 종합 소매업
G47129,음ㆍ식료품 위주 종합 소매업
G47130,면세점
G47190,그 외 기타 종합 소매업
G47211,식료품 소매업
G47211,식료품 소매업
G47212,식료품 소매업
G47213,식료품 소매업
G47214,식료품 소매업
G47215,식료품 소매업
G47215,식료품 소매업
G47216,식료품 소매업
G47216,식료품 소매업
G47217,식료품 소매업
G47217,식료품 소매업
G47218,식료품 소매업
G47219,식료품 소매업
G47219,식료품 소매업
G47221,음료 및 담배 소매업
G47221,음료 및 담배 소매업
G47221,음료 및 담배 소매업
G47221,음료 및 담배 소매업
G47221,음료 및 담배 소매업
G47222,음료 및 담배 소매업
G47311,"컴퓨터 및 주변장치, 소프트웨어 및 통신기기 소매업"
G47312,"컴퓨터 및 주변장치, 소프트웨어 및 통신기기 소매업"
G47320,가전제품 소매업
G47320,가전제품 소매업
G47320,가전제품 소매업
G47411,의복 소매업
G47412,의복 소매업
G47413,의복 소매업
G47414,의복 소매업
G47415,의복 소매업
G47416,의복 소매업
G47417,의복 소매업
G47419,의복 소매업
G47419,의복 소매업
G47419,의복 소매업
G47421,"섬유, 직물 및 의복 액세서리 소매업"
G47421,"섬유, 직물 및 의복 액세서리 소매업"
G47422,"섬유, 직물 및 의복 액세서리 소매업"
G47422,"섬유, 직물 및 의복 액세서리 소매업"
G47422,"섬유, 직물 및 의복 액세서리 소매업"
G47429,"섬유, 직물 및 의복 액세서리 소매업"
G47429,"섬유, 직물 및 의복 액세서리 소매업"
G47429,"섬유, 직물 및 의복 액세서리 소매업"
G47430,신발 소매업
G47430,신발 소매업
G47440,가방 및 기타 가죽제품 소매업
G47440,가방 및 기타 가죽제품 소매업
G47511,"철물, 공구, 창호 및 건설자재 소매업"
G47511,"철물, 공구, 창호 및 건설자재 소매업"
G47512,"철물, 공구, 창호 및 건설자재 소매업"
G47512,"철물, 공구, 창호 및 건설자재 소매업"
G47513,"철물, 공구, 창호 및 건설자재 소매업"
G47519,"철물, 공구, 창호 및 건설자재 소매업"
G47519,"철물, 공구, 창호 및 건설자재 소매업"
G47519,"철물, 공구, 창호 및 건설자재 소매업"
G47519,"철물, 공구, 창호 및 건설자재 소매업"
G47519,"철물, 공구, 창호 및 건설자재 소매업"
G47520,가구 소매업
G47520,가구 소매업
G47520,가구 소매업
G47520,가구 소매업
G47591,그 외 기타 가정용품 소매업
G47592,그 외 기타 가정용품 소매업
G47592,그 외 기타 가정용품 소매업
G47593,그 외 기타 가정용품 소매업
G47593,그 외 기타 가정용품 소매업
G47599,그 외 기타 가정용품 소매업
G47599,그 외 기타 가정용품 소매업
G47599,그 외 기타 가정용품 소매업
G47599,그 외 기타 가정용품 소매업
G47599,그 외 기타 가정용품 소매업
G47611,서적 및 문구용품 소매업
G47611,서적 및 문구용품 소매업
G47612,서적 및 문구용품 소매업
G47612,서적 및 문구용품 소매업
G47620,음반 및 비디오물 소매업
G47631,운동용품 및 자전거 소매업
G47631,운동용품 및 자전거 소매업
G47632,운동용품 및 자전거 소매업
G47640,"게임용구, 인형 및 장난감 소매업"
G47711,운송장비용 연료 소매업
G47712,운송장비용 연료 소매업
G47721,가정용 연료 소매업
G47721,가정용 연료 소매업
G47721,가정용 연료 소매업
G47722,가정용 연료 소매업
G47723,가정용 연료 소매업
G47811,"의약품, 의료용 기구, 화장품 및 방향제 소매업"
G47811,"의약품, 의료용 기구, 화장품 및 방향제 소매업"
G47811,"의약품, 의료용 기구, 화장품 및 방향제 소매업"
G47812,"의약품, 의료용 기구, 화장품 및 방향제 소매업"
G47813,"의약품, 의료용 기구, 화장품 및 방향제 소매업"
G47821,"사무용 기기, 안경, 사진장비 및 정밀기기 소매업"
G47822,"사무용 기기, 안경, 사진장비 및 정밀기기 소매업"
G47823,"사무용 기기, 안경, 사진장비 및 정밀기기 소매업"
G47829,"사무용 기기, 안경, 사진장비 및 정밀기기 소매업"
G47830,시계 및 귀금속 소매업
G47830,시계 및 귀금속 소매업
G47830,시계 및 귀금속 소매업
G47841,"예술품, 기념품 및 장식용품 소매업"
G47841,"예술품, 기념품 및 장식용품 소매업"
G47842,"예술품, 기념품 및 장식용품 소매업"
G47851,그 외 기타 상품 전문 소매업
G47851,그 외 기타 상품 전문 소매업
G47852,그 외 기타 상품 전문 소매업
G47859,그 외 기타 상품 전문 소매업
G47859,그 외 기타 상품 전문 소매업
G47859,그 외 기타 상품 전문 소매업
G47859,그 외 기타 상품 전문 소매업
G47859,그 외 기타 상품 전문 소매업
G47859,그 외 기타 상품 전문 소매업
G47859,그 외 기타 상품 전문 소매업
G47859,그 외 기타 상품 전문 소매업
G47859,그 외 기타 상품 전문 소매업
G47861,중고 상품 소매업
G47862,중고 상품 소매업
G47869,중고 상품 소매업
G47869,중고 상품 소매업
G47869,중고 상품 소매업
G47911,통신 판매업
G47911,통신 판매업
G47911,통신 판매업
G47912,통신 판매업
G47912,통신 판매업
G47919,통신 판매업
G47920,노점 및 유사 이동 소매업
G47991,기타 무점포 소매업
G47992,기타 무점포 소매업
G47992,기타 무점포 소매업
G47993,기타 무점포 소매업
G47993,기타 무점포 소매업
G47993,기타 무점포 소매업
G47993,기타 무점포 소매업
G47999,기타 무점포 소매업
H49101,철도 운송업
H49102,철도 운송업
H49211,도시 정기 육상 여객 운송업
H49212,도시 정기 육상 여객 운송업
H49212,도시 정기 육상 여객 운송업
H49212,도시 정기 육상 여객 운송업
H49219,도시 정기 육상 여객 운송업
H49219,도시 정기 육상 여객 운송업
H49219,도시 정기 육상 여객 운송업
H49219,도시 정기 육상 여객 운송업
H49220,시외버스 운송업
H49220,시외버스 운송업
H49220,시외버스 운송업
H49220,시외버스 운송업
H49231,부정기 육상 여객 운송업
H49231,부정기 육상 여객 운송업
H49231,부정기 육상 여객 운송업
H49231,부정기 육상 여객 운송업
H49232,부정기 육상 여객 운송업
H49233,부정기 육상 여객 운송업
H49239,부정기 육상 여객 운송업
H49301,도로 화물 운송업
H49301,도로 화물 운송업
H49301,도로 화물 운송업
H49301,도로 화물 운송업
H49301,도로 화물 운송업
H49301,도로 화물 운송업
H49301,도로 화물 운송업
H49301,도로 화물 운송업
H49302,도로 화물 운송업
H49302,도로 화물 운송업
H49302,도로 화물 운송업
H49302,도로 화물 운송업
H49302,도로 화물 운송업
H49302,도로 화물 운송업
H49302,도로 화물 운송업
H49303,도로 화물 운송업
H49303,도로 화물 운송업
H49303,도로 화물 운송업
H49303,도로 화물 운송업
H49303,도로 화물 운송업
H49303,도로 화물 운송업
H49309,도로 화물 운송업
H49309,도로 화물 운송업
H49309,도로 화물 운송업
H49401,소화물 전문 운송업
H49401,소화물 전문 운송업
H49402,소화물 전문 운송업
H49402,소화물 전문 운송업
H49402,소화물 전문 운송업
H49500,파이프라인 운송업
H50111,외항 운송업
H50112,외항 운송업
H50121,내항 운송업
H50122,내항 운송업
H50130,기타 해상 운송업
H50201,내륙 수상 및 항만 내 운송업
H50202,내륙 수상 및 항만 내 운송업
H50209,내륙 수상 및 항만 내 운송업
H51100,항공 여객 운송업
H51200,항공 화물 운송업
H52101,보관 및 창고업
H52102,보관 및 창고업
H52103,보관 및 창고업
H52104,보관 및 창고업
H52109,보관 및 창고업
H52911,육상 운송 지원 서비스업
H52912,육상 운송 지원 서비스업
H52913,육상 운송 지원 서비스업
H52914,육상 운송 지원 서비스업
H52914,육상 운송 지원 서비스업
H52915,육상 운송 지원 서비스업
H52919,육상 운송 지원 서비스업
H52921,수상 운송 지원 서비스업
H52929,수상 운송 지원 서비스업
H52929,수상 운송 지원 서비스업
H52929,수상 운송 지원 서비스업
H52931,항공 운송 지원 서비스업
H52939,항공 운송 지원 서비스업
H52941,화물 취급업
H52942,화물 취급업
H52942,화물 취급업
H52991,그 외 기타 운송관련 서비스업
H52991,그 외 기타 운송관련 서비스업
H52992,그 외 기타 운송관련 서비스업
H52992,그 외 기타 운송관련 서비스업
H52993,그 외 기타 운송관련 서비스업
H52993,그 외 기타 운송관련 서비스업
H52999,그 외 기타 운송관련 서비스업
I55101,일반 및 생활 숙박시설 운영업
I55102,일반 및 생활 숙박시설 운영업
I55102,일반 및 생활 숙박시설 운영업
I55103,일반 및 생활 숙박시설 운영업
I55103,일반 및 생활 숙박시설 운영업
I55104,일반 및 생활 숙박시설 운영업
I55104,일반 및 생활 숙박시설 운영업
I55109,일반 및 생활 숙박시설 운영업
I55109,일반 및 생활 숙박시설 운영업
I55901,기타 숙박업
I55909,기타 숙박업
I56111,한식 음식점업
I56112,한식 음식점업
I56113,한식 음식점업
I56114,한식 음식점업
I56121,외국식 음식점업
I56122,외국식 음식점업
I56123,외국식 음식점업
I56129,외국식 음식점업
I56130,기관 구내식당업
I56141,출장 및 이동 음식점업
I56142,출장 및 이동 음식점업
I56191,기타 간이 음식점업
I56192,기타 간이 음식점업
I56192,기타 간이 음식점업
I56193,기타 간이 음식점업
I56194,기타 간이 음식점업
I56194,기타 간이 음식점업
I56199,기타 간이 음식점업
I56199,기타 간이 음식점업
I56211,주점업
I56211,주점업
I56211,주점업
I56211,주점업
I56211,주점업
I56212,주점업
I56212,주점업
I56213,주점업
I56213,주점업
I56219,주점업
I56219,주점업
I56219,주점업
I56219,주점업
I56219,주점업
I56221,비알코올 음료점업
I56221,비알코올 음료점업
I56229,비알코올 음료점업
I56229,비알코올 음료점업
J58111,서적 출판업
J58112,서적 출판업
J58113,서적 출판업
J58121,"신문, 잡지 및 정기 간행물 출판업"
J58122,"신문, 잡지 및 정기 간행물 출판업"
J58123,"신문, 잡지 및 정기 간행물 출판업"
J58190,기타 인쇄물 출판업
J58211,게임 소프트웨어 개발 및 공급업
J58211,게임 소프트웨어 개발 및 공급업
J58212,게임 소프트웨어 개발 및 공급업
J58212,게임 소프트웨어 개발 및 공급업
J58219,게임 소프트웨어 개발 및 공급업
J58219,게임 소프트웨어 개발 및 공급업
J58221,시스템ㆍ응용 소프트웨어 개발 및 공급업
J58221,시스템ㆍ응용 소프트웨어 개발 및 공급업
J58222,시스템ㆍ응용 소프트웨어 개발 및 공급업
J58222,시스템ㆍ응용 소프트웨어 개발 및 공급업
J59111,"영화, 비디오물 및 방송 프로그램 제작업"
J59111,"영화, 비디오물 및 방송 프로그램 제작업"
J59111,"영화, 비디오물 및 방송 프로그램 제작업"
J59112,"영화, 비디오물 및 방송 프로그램 제작업"
J59112,"영화, 비디오물 및 방송 프로그램 제작업"
J59112,"영화, 비디오물 및 방송 프로그램 제작업"
J59113,"영화, 비디오물 및 방송 프로그램 제작업"
J59114,"영화, 비디오물 및 방송 프로그램 제작업"
J59120,"영화, 비디오물 및 방송 프로그램 제작 관련 서비스업"
J59130,"영화, 비디오물 및 방송 프로그램 배급업"
J59141,영화 및 비디오물 상영업
J59142,영화 및 비디오물 상영업
J59201,오디오물 출판 및 원판 녹음업
J59202,오디오물 출판 및 원판 녹음업
J59202,오디오물 출판 및 원판 녹음업
J60100,라디오 방송업
J60210,지상파 방송업
J60221,"유선, 위성 및 기타 방송업"
J60222,"유선, 위성 및 기타 방송업"
J60229,"유선, 위성 및 기타 방송업"
J61100,공영 우편업
J61210,유선 통신업
J61220,무선 및 위성 통신업
J61291,기타 전기 통신업
J61299,기타 전기 통신업
J62010,컴퓨터 프로그래밍 서비스업
J62010,컴퓨터 프로그래밍 서비스업
J62010,컴퓨터 프로그래밍 서비스업
J62021,"컴퓨터 시스템 통합 자문, 구축 및 관리업"
J62021,"컴퓨터 시스템 통합 자문, 구축 및 관리업"
J62022,"컴퓨터 시스템 통합 자문, 구축 및 관리업"
J62022,"컴퓨터 시스템 통합 자문, 구축 및 관리업"
J62090,기타 정보 기술 및 컴퓨터 운영 관련 서비스업
J62090,기타 정보 기술 및 컴퓨터 운영 관련 서비스업
J63111,"자료 처리, 호스팅 및 관련 서비스업"
J63112,"자료 처리, 호스팅 및 관련 서비스업"
J63120,포털 및 기타 인터넷 정보 매개 서비스업
J63910,뉴스 제공업
J63991,그 외 기타 정보 서비스업
J63999,그 외 기타 정보 서비스업
K64110,중앙은행
K64121,일반은행
K64122,일반은행
K64131,신용조합 및 저축기관
K64132,신용조합 및 저축기관
K64201,신탁업 및 집합 투자업
K64209,신탁업 및 집합 투자업
K64911,여신 금융업
K64912,여신 금융업
K64913,여신 금융업
K64919,여신 금융업
K64919,여신 금융업
K64919,여신 금융업
K64991,그 외 기타 금융업
K64992,그 외 기타 금융업
K64999,그 외 기타 금융업
K65110,생명보험업
K65121,손해 및 보증보험업
K65121,손해 및 보증보험업
K65121,손해 및 보증보험업
K65122,손해 및 보증보험업
K65131,사회보장보험업
K65139,사회보장보험업
K65200,재보험업
K65301,연금 및 공제업
K65302,연금 및 공제업
K65303,연금 및 공제업
K66110,금융시장 관리업
K66121,증권 및 선물 중개업
K66122,증권 및 선물 중개업
K66191,기타 금융 지원 서비스업
K66192,기타 금융 지원 서비스업
K66192,기타 금융 지원 서비스업
K66199,기타 금융 지원 서비스업
K66199,기타 금융 지원 서비스업
K66199,기타 금융 지원 서비스업
K66199,기타 금융 지원 서비스업
K66199,기타 금융 지원 서비스업
K66201,보험 및 연금관련 서비스업
K66202,보험 및 연금관련 서비스업
K66202,보험 및 연금관련 서비스업
K66209,보험 및 연금관련 서비스업
L68111,부동산 임대업
L68111,부동산 임대업
L68111,부동산 임대업
L68111,부동산 임대업
L68111,부동산 임대업
L68112,부동산 임대업
L68112,부동산 임대업
L68112,부동산 임대업
L68112,부동산 임대업
L68112,부동산 임대업
L68112,부동산 임대업
L68112,부동산 임대업
L68112,부동산 임대업
L68112,부동산 임대업
L68112,부동산 임대업
L68112,부동산 임대업
L68119,부동산 임대업
L68119,부동산 임대업
L68119,부동산 임대업
L68121,부동산 개발 및 공급업
L68121,부동산 개발 및 공급업
L68121,부동산 개발 및 공급업
L68121,부동산 개발 및 공급업
L68122,부동산 개발 및 공급업
L68122,부동산 개발 및 공급업
L68122,부동산 개발 및 공급업
L68122,부동산 개발 및 공급업
L68122,부동산 개발 및 공급업
L68122,부동산 개발 및 공급업
L68129,부동산 개발 및 공급업
L68129,부동산 개발 및 공급업
L68211,부동산 관리업
L68212,부동산 관리업
L68221,"부동산 중개, 자문 및 감정 평가업"
L68222,"부동산 중개, 자문 및 감정 평가업"
L68223,"부동산 중개, 자문 및 감정 평가업"
M70111,자연과학 연구개발업
M70112,자연과학 연구개발업
M70113,자연과학 연구개발업
M70119,자연과학 연구개발업
M70121,공학 연구개발업
M70129,공학 연구개발업
M70130,자연과학 및 공학 융합 연구개발업
M70201,인문 및 사회과학 연구개발업
M70209,인문 및 사회과학 연구개발업
M71101,법무관련 서비스업
M71102,법무관련 서비스업
M71103,법무관련 서비스업
M71109,법무관련 서비스업
M71109,법무관련 서비스업
M71109,법무관련 서비스업
M71109,법무관련 서비스업
M71109,법무관련 서비스업
M71201,회계 및 세무관련 서비스업
M71201,회계 및 세무관련 서비스업
M71202,회계 및 세무관련 서비스업
M71202,회계 및 세무관련 서비스업
M71209,회계 및 세무관련 서비스업
M71209,회계 및 세무관련 서비스업
M71310,광고 대행업
M71391,기타 광고업
M71392,기타 광고업
M71393,기타 광고업
M71399,기타 광고업
M71400,시장 조사 및 여론 조사업
M71511,회사본부
M71519,회사본부
M71531,경영 컨설팅 및 공공 관계 서비스업
M71531,경영 컨설팅 및 공공 관계 서비스업
M71531,경영 컨설팅 및 공공 관계 서비스업
M71532,경영 컨설팅 및 공공 관계 서비스업
M71600,기타 전문 서비스업
M72111,건축 및 조경 설계 서비스업
M72111,건축 및 조경 설계 서비스업
M72112,건축 및 조경 설계 서비스업
M72121,엔지니어링 서비스업
M72121,엔지니어링 서비스업
M72122,엔지니어링 서비스업
M72129,엔지니어링 서비스업
M72911,"기술 시험, 검사 및 분석업"
M72919,"기술 시험, 검사 및 분석업"
M72919,"기술 시험, 검사 및 분석업"
M72921,"측량, 지질 조사 및 지도 제작업"
M72922,"측량, 지질 조사 및 지도 제작업"
M72923,"측량, 지질 조사 및 지도 제작업"
M72924,"측량, 지질 조사 및 지도 제작업"
M73100,수의업
M73201,전문 디자인업
M73202,전문 디자인업
M73203,전문 디자인업
M73209,전문 디자인업
M73301,사진 촬영 및 처리업
M73301,사진 촬영 및 처리업
M73302,사진 촬영 및 처리업
M73303,사진 촬영 및 처리업
M73901,"그 외 기타 전문, 과학 및 기술 서비스업"
M73902,"그 외 기타 전문, 과학 및 기술 서비스업"
M73902,"그 외 기타 전문, 과학 및 기술 서비스업"
M73902,"그 외 기타 전문, 과학 및 기술 서비스업"
M73903,"그 외 기타 전문, 과학 및 기술 서비스업"
M73903,"그 외 기타 전문, 과학 및 기술 서비스업"
M73904,"그 외 기타 전문, 과학 및 기술 서비스업"
M73909,"그 외 기타 전문, 과학 및 기술 서비스업"
N74100,사업시설 유지ㆍ관리 서비스업
N74211,건물 및 산업설비 청소업
N74212,건물 및 산업설비 청소업
N74220,"소독, 구충 및 방제 서비스업"
N74300,조경관리 및 유지 서비스업
N75110,고용 알선업
N75121,인력 공급업
N75122,인력 공급업
N75210,여행사업
N75210,여행사업
N75290,기타 여행 보조 및 예약 서비스업
N75290,기타 여행 보조 및 예약 서비스업
N75290,기타 여행 보조 및 예약 서비스업
N75310,경비 및 경호 서비스업
N75320,보안 시스템 서비스업
N75330,탐정 및 조사 서비스업
N75911,사무 지원 서비스업
N75911,사무 지원 서비스업
N75911,사무 지원 서비스업
N75912,사무 지원 서비스업
N75919,사무 지원 서비스업
N75991,그 외 기타 사업 지원 서비스업
N75991,그 외 기타 사업 지원 서비스업
N75992,그 외 기타 사업 지원 서비스업
N75993,그 외 기타 사업 지원 서비스업
N75993,그 외 기타 사업 지원 서비스업
N75994,그 외 기타 사업 지원 서비스업
N75994,그 외 기타 사업 지원 서비스업
N75999,그 외 기타 사업 지원 서비스업
N75999,그 외 기타 사업 지원 서비스업
N75999,그 외 기타 사업 지원 서비스업
N75999,그 외 기타 사업 지원 서비스업
N75999,그 외 기타 사업 지원 서비스업
N75999,그 외 기타 사업 지원 서비스업
N75999,그 외 기타 사업 지원 서비스업
N75999,그 외 기타 사업 지원 서비스업
N75999,그 외 기타 사업 지원 서비스업
N75999,그 외 기타 사업 지원 서비스업
N75999,그 외 기타 사업 지원 서비스업
N76110,자동차 임대업
N76190,기타 운송장비 임대업
N76210,스포츠 및 레크리에이션 용품 임대업
N76220,음반 및 비디오물 임대업
N76291,기타 개인 및 가정용품 임대업
N76292,기타 개인 및 가정용품 임대업
N76292,기타 개인 및 가정용품 임대업
N76299,기타 개인 및 가정용품 임대업
N76310,건설 및 토목공사용 기계ㆍ장비 임대업
N76320,컴퓨터 및 사무용 기계ㆍ장비 임대업
N76390,기타 산업용 기계 및 장비 임대업
N76390,기타 산업용 기계 및 장비 임대업
N76390,기타 산업용 기계 및 장비 임대업
N76400,무형 재산권 임대업
N76400,무형 재산권 임대업
N76400,무형 재산권 임대업
O84111,일반 공공 행정
O84112,일반 공공 행정
O84113,일반 공공 행정
O84114,일반 공공 행정
O84119,일반 공공 행정
O84120,정부기관 일반 보조 행정
O84211,사회서비스 관리 행정
O84212,사회서비스 관리 행정
O84213,사회서비스 관리 행정
O84214,사회서비스 관리 행정
O84219,사회서비스 관리 행정
O84221,노동 및 산업 진흥 행정
O84222,노동 및 산업 진흥 행정
O84223,노동 및 산업 진흥 행정
O84224,노동 및 산업 진흥 행정
O84229,노동 및 산업 진흥 행정
O84310,외무 행정
O84320,국방 행정
O84401,사법 및 공공 질서 행정
O84402,사법 및 공공 질서 행정
O84403,사법 및 공공 질서 행정
O84404,사법 및 공공 질서 행정
O84405,사법 및 공공 질서 행정
O84409,사법 및 공공 질서 행정
O84500,사회보장 행정
P85110,유아 교육기관
P85120,초등학교
P85211,일반 중등 교육기관
P85212,일반 중등 교육기관
P85221,특성화 고등학교
P85222,특성화 고등학교
P85229,특성화 고등학교
P85301,고등 교육기관
P85302,고등 교육기관
P85303,고등 교육기관
P85410,특수학교
P85420,외국인학교
P85430,대안학교
P85501,일반 교습학원
P85501,일반 교습학원
P85501,일반 교습학원
P85501,일반 교습학원
P85501,일반 교습학원
P85501,일반 교습학원
P85502,일반 교습학원
P85502,일반 교습학원
P85502,일반 교습학원
P85503,일반 교습학원
P85503,일반 교습학원
P85611,스포츠 및 레크리에이션 교육기관
P85611,스포츠 및 레크리에이션 교육기관
P85611,스포츠 및 레크리에이션 교육기관
P85612,스포츠 및 레크리에이션 교육기관
P85612,스포츠 및 레크리에이션 교육기관
P85612,스포츠 및 레크리에이션 교육기관
P85613,스포츠 및 레크리에이션 교육기관
P85613,스포츠 및 레크리에이션 교육기관
P85613,스포츠 및 레크리에이션 교육기관
P85613,스포츠 및 레크리에이션 교육기관
P85613,스포츠 및 레크리에이션 교육기관
P85614,스포츠 및 레크리에이션 교육기관
P85614,스포츠 및 레크리에이션 교육기관
P85621,예술학원
P85621,예술학원
P85621,예술학원
P85621,예술학원
P85621,예술학원
P85622,예술학원
P85622,예술학원
P85622,예술학원
P85622,예술학원
P85629,예술학원
P85629,예술학원
P85629,예술학원
P85629,예술학원
P85629,예술학원
P85631,외국어학원 및 기타 교습학원
P85631,외국어학원 및 기타 교습학원
P85631,외국어학원 및 기타 교습학원
P85631,외국어학원 및 기타 교습학원
P85632,외국어학원 및 기타 교습학원
P85632,외국어학원 및 기타 교습학원
P85632,외국어학원 및 기타 교습학원
P85640,사회교육시설
P85640,사회교육시설
P85650,직원 훈련기관
P85650,직원 훈련기관
P85661,기술 및 직업 훈련학원
P85661,기술 및 직업 훈련학원
P85661,기술 및 직업 훈련학원
P85661,기술 및 직업 훈련학원
P85669,기술 및 직업 훈련학원
P85669,기술 및 직업 훈련학원
P85669,기술 및 직업 훈련학원
P85669,기술 및 직업 훈련학원
P85669,기술 및 직업 훈련학원
P85691,그 외 기타 교육기관
P85691,그 외 기타 교육기관
P85691,그 외 기타 교육기관
P85699,그 외 기타 교육기관
P85699,그 외 기타 교육기관
P85699,그 외 기타 교육기관
P85699,그 외 기타 교육기관
P85701,교육 지원 서비스업
P85709,교육 지원 서비스업
Q86101,병원
Q86102,병원
Q86103,병원
Q86104,병원
Q86105,병원
Q86201,의원
Q86201,의원
Q86201,의원
Q86201,의원
Q86201,의원
Q86201,의원
Q86201,의원
Q86201,의원
Q86201,의원
Q86202,의원
Q86203,의원
Q86204,의원
Q86204,의원
Q86204,의원
Q86300,공중 보건 의료업
Q86901,기타 보건업
Q86902,기타 보건업
Q86902,기타 보건업
Q86902,기타 보건업
Q86902,기타 보건업
Q86902,기타 보건업
Q86909,기타 보건업
Q86909,기타 보건업
Q86909,기타 보건업
Q87111,노인 거주 복지시설 운영업
Q87112,노인 거주 복지시설 운영업
Q87121,심신 장애인 거주 복지시설 운영업
Q87122,심신 장애인 거주 복지시설 운영업
Q87131,기타 거주 복지시설 운영업
Q87139,기타 거주 복지시설 운영업
Q87210,보육시설 운영업
Q87210,보육시설 운영업
Q87291,기타 비거주 복지 서비스업
Q87292,기타 비거주 복지 서비스업
Q87293,기타 비거주 복지 서비스업
Q87294,기타 비거주 복지 서비스업
Q87299,기타 비거주 복지 서비스업
R90110,공연시설 운영업
R90121,공연단체
R90122,공연단체
R90123,공연단체
R90131,자영 예술가
R90131,자영 예술가
R90131,자영 예술가
R90131,자영 예술가
R90131,자영 예술가
R90132,자영 예술가
R90132,자영 예술가
R90132,자영 예술가
R90132,자영 예술가
R90191,기타 창작 및 예술관련 서비스업
R90192,기타 창작 및 예술관련 서비스업
R90199,기타 창작 및 예술관련 서비스업
R90199,기타 창작 및 예술관련 서비스업
R90211,"도서관, 기록 보존소 및 독서실 운영업"
R90212,"도서관, 기록 보존소 및 독서실 운영업"
R90212,"도서관, 기록 보존소 및 독서실 운영업"
R90221,박물관 및 사적지 관리 운영업
R90222,박물관 및 사적지 관리 운영업
R90231,"식물원, 동물원 및 자연공원 운영업"
R90232,"식물원, 동물원 및 자연공원 운영업"
R90290,기타 유사 여가관련 서비스업
R91111,경기장 운영업
R91112,경기장 운영업
R91113,경기장 운영업
R91121,골프장 및 스키장 운영업
R91122,골프장 및 스키장 운영업
R91131,기타 스포츠시설 운영업
R91132,기타 스포츠시설 운영업
R91133,기타 스포츠시설 운영업
R91134,기타 스포츠시설 운영업
R91135,기타 스포츠시설 운영업
R91136,기타 스포츠시설 운영업
R91136,기타 스포츠시설 운영업
R91139,기타 스포츠시설 운영업
R91139,기타 스포츠시설 운영업
R91139,기타 스포츠시설 운영업
R91139,기타 스포츠시설 운영업
R91139,기타 스포츠시설 운영업
R91191,기타 스포츠 서비스업
R91199,기타 스포츠 서비스업
R91199,기타 스포츠 서비스업
R91199,기타 스포츠 서비스업
R91199,기타 스포츠 서비스업
R91199,기타 스포츠 서비스업
R91210,유원지 및 테마파크 운영업
R91221,오락장 운영업
R91221,오락장 운영업
R91221,오락장 운영업
R91222,오락장 운영업
R91223,오락장 운영업
R91229,오락장 운영업
R91229,오락장 운영업
R91229,오락장 운영업
R91231,수상오락 서비스업
R91239,수상오락 서비스업
R91241,사행시설 관리 및 운영업
R91241,사행시설 관리 및 운영업
R91241,사행시설 관리 및 운영업
R91249,사행시설 관리 및 운영업
R91291,그 외 기타 오락관련 서비스업
R91292,그 외 기타 오락관련 서비스업
R91293,그 외 기타 오락관련 서비스업
R91299,그 외 기타 오락관련 서비스업
S94110,산업 단체
S94120,전문가 단체
S94200,노동조합
S94911,종교 단체
S94912,종교 단체
S94913,종교 단체
S94914,종교 단체
S94914,종교 단체
S94914,종교 단체
S94919,종교 단체
S94919,종교 단체
S94920,정치 단체
S94931,시민운동 단체
S94939,시민운동 단체
S94990,그 외 기타 협회 및 단체
S94990,그 외 기타 협회 및 단체
S94990,그 외 기타 협회 및 단체
S95110,컴퓨터 및 주변 기기 수리업
S95120,통신장비 수리업
S95211,자동차 수리 및 세차업
S95212,자동차 수리 및 세차업
S95213,자동차 수리 및 세차업
S95220,모터사이클 수리업
S95310,가전제품 수리업
S95391,기타 개인 및 가정용품 수리업
S95392,기타 개인 및 가정용품 수리업
S95393,기타 개인 및 가정용품 수리업
S95393,기타 개인 및 가정용품 수리업
S95399,기타 개인 및 가정용품 수리업
S96111,이용 및 미용업
S96112,이용 및 미용업
S96113,이용 및 미용업
S96119,이용 및 미용업
S96121,"욕탕, 마사지 및 기타 신체 관리 서비스업"
S96122,"욕탕, 마사지 및 기타 신체 관리 서비스업"
S96129,"욕탕, 마사지 및 기타 신체 관리 서비스업"
S96129,"욕탕, 마사지 및 기타 신체 관리 서비스업"
S96911,세탁업
S96912,세탁업
S96913,세탁업
S96921,장례식장 및 관련 서비스업
S96922,장례식장 및 관련 서비스업
S96922,장례식장 및 관련 서비스업
S96991,그 외 기타 분류 안된 개인 서비스업
S96992,그 외 기타 분류 안된 개인 서비스업
S96993,그 외 기타 분류 안된 개인 서비스업
S96993,그 외 기타 분류 안된 개인 서비스업
S96994,그 외 기타 분류 안된 개인 서비스업
S96995,그 외 기타 분류 안된 개인 서비스업
S96999,그 외 기타 분류 안된 개인 서비스업
S96999,그 외 기타 분류 안된 개인 서비스업
S96999,그 외 기타 분류 안된 개인 서비스업
S96999,그 외 기타 분류 안된 개인 서비스업
S96999,그 외 기타 분류 안된 개인 서비스업
S96999,그 외 기타 분류 안된 개인 서비스업
S96999,그 외 기타 분류 안된 개인 서비스업
S96999,그 외 기타 분류 안된 개인 서비스업
T97000,가구 내 고용활동
T98100,자가 소비를 위한 가사 생산 활동
T98200,자가 소비를 위한 가사 서비스 활동
U99001,국제 및 외국기관
U99009,국제 및 외국기관
,
,
,
,
,
,
,
,
,
,
,
,
,
,
,
,
,
,
,
,
,
,
,
,
,
,
,
,
,
,
,
,
,
,
,
,
,
,
,
,
,
,
,
,
,
,
,
,
,
,
,
,
,
,
,
,
,
,
,
,
,
,
,
,
,
,
,
,
,
,
,
,
,
,
,
,
,
